179,mężczyzna
69,piękna
67,PUSTE
46,matka
34,piękno
31,dziewczyna
28,ładna
19,płeć
17,młoda
16,dama
16,pani
13,mama
11,dojrzała
11,sukienka
11,żona
10,dziecko
10,mądra
9,mezczyzna
8,piersi
6,ciąża
6,ona
6,uroda
5,baba
5,seks
4,facet
4,kobieta
4,sex
4,siła
4,stara
3,człowiek
3,dojrzałość
3,ladna
3,mądrość
3,mąż
3,męzczyzna
3,miłość
3,moja
3,niewiasta
3,osoba
3,panna
3,wysoka
2,atrakcyjna
2,dorosła
2,dorosłość
2,ja
2,kobiecość
2,kot
2,kuchnia
2,łądna
2,MADRA
2,MLODA
2,niezależna
2,nogi
2,piekno
2,plec
2,rodzina
2,szminka
2,troska
2,włosy
2,wyzwolona
1,[piękno
1,babcia
1,banan
1,białoglowa
1,biblioteka
1,blond
1,blondynka
1,boska
1,była
1,chiny
1,ciemna
1,ciepło
1,ciężarna
1,coś
1,cudzo
1,cycki
1,cyganka
1,czerń
1,czułość
1,"da,ma"
1,delikatność
1,diabeł
1,dizewczyna
1,"długie włosy"
1,dobra
1,"dojrzała dziewczyna"
1,dojrzałą
1,dom
1,dzierlatka
1,dziewczynkla
1,elegancja
1,estetyka
1,eteryczna
1,fajna
1,fatalna
1,fatalna]
1,feministka
1,gabetta
1,gadf
1,gąbka
1,gbn
1,"głupie babsko"
1,humory
1,idaeł
1,jest
1,kłopoty
1,kosmetyki
1,kozioł
1,kółko
1,"która pragnęła mężczyzny"
1,kwiat
1,laska
1,lekkość
1,lesbijka
1,lol
1,ładna]
1,macierzyństwo
1,makijaż
1,marzec
1,matrona
1,mążczyzna
1,męczyzna
1,męż
1,mężcztyzna
1,mężczyna
1,mężczynza
1,mężczyz
1,mężczyzn
1,mężczyznma
1,męższczyzna
1,mężyczna
1,"mi łośc"
1,modelka
1,mroczna
1,nic
1,nieprzewidywalność
1,niezdecydowanie
1,niska
1,"no nie wiem cycki"
1,obcasy
1,"obiekt pożądania mężczyzny"
1,obsacy
1,oczy
1,ODPOWIEDZIALNA
1,okazała
1,opieka
1,opiekunka
1,papa
1,piekna
1,piękmno
1,pięknp
1,"płeć piekana"
1,płodność
1,podwika
1,"pomalowane paznokcie"
1,poród
1,porządanie
1,problem
1,prostytutka
1,próżność
1,przyjaźń
1,pulchna
1,rajstopy
1,rodzicielka
1,romantyczna
1,serek
1,silna
1,siłą
1,smujkła
1,smukła
1,spełniona
1,spokój
1,spódnica
1,straszna
1,sukcesu
1,superowa
1,sYMPATIA
1,Szatan
1,szpilki
1,szyja
1,średnia
1,taniec
1,"to już było"
1,trudna
1,uczucia
1,uczucie
1,urocza
1,urodziwa
1,urok
1,uśmiech
1,uwolniona
1,"w ciązy"
1,"w ciąży"
1,"w kwiecie wieku"
1,wdowa
1,wózek
1,wrażliwość
1,wredna
1,wspaniałą
1,"wszystko, co najlepsze"
1,wyzwanie
1,zadbana
1,zakupy
1,zapach
1,zaufanie
1,zgrabna
1,zła
1,"złośliwa narośl"
1,"zmienną jest"
1,zmienność
1,zmysłowość
1,zona
1,związek
1,zycia
1,życie
